{
    "model": "Standard Vision Transformer",
    "avg_error_pixels": 0.13387457425497015,
    "accuracy_percent": 100.0,
    "fps": 1375.1545871228764,
    "latency_ms": 0.7271909713745117,
    "num_parameters": 208418,
    "train_loss_final": 0.011222243264925724,
    "val_loss_final": 0.011568224380636156
}