{
    "model": "Standard Vision Transformer",
    "avg_error_pixels": 6.331489966645533,
    "accuracy_percent": 13.60204081632653,
    "fps": 1172.5955705155804,
    "latency_ms": 0.852808952331543,
    "num_paramters": 208418,
    "train_loss_final": 0.0114291232649465,
    "val_loss_final": 0.012112192926376282
}